variant_id,sku,title,category,window_days,q_ordered,q_shipped,q_refunded,return_rate,revenue_total,revenue_scored,revenue_quarantined,cost_unknown_share,retained_rev,cogs_lost,outbound,pay_fees,return_ship,handling,total_costs,contribution,margin_pct,score,naive_profit,hidden_leakage,status,config_hash
gid://shopify/ProductVariant/100001,SKU-APP-100001,High-Volume Best Seller Cotton Tee,Apparel,365,16394,15927,1318,0.0828,231674.0,182016.75,49657.25,0.2143,145981.75,102746.0,36315.5,6271.53,5856.5,4505.0,171954.53,0.0,,,0.0,0.0,UNSCOREABLE,9e26a5fae94e
gid://shopify/ProductVariant/100003,SKU-APP-100003,Single Sale Rare Item,Apparel,365,0,0,0,,0.0,0.0,0.0,0.0,0.0,0.0,0.0,0.0,0.0,0.0,0.0,0.0,,,0.0,0.0,NO_DATA,9e26a5fae94e
gid://shopify/ProductVariant/100019,SKU-FOO-100019,Running Shoes - Option 3,Apparel,365,1658,1658,66,0.0398,95329.0,95329.0,0.0,0.0,80059.34,37638.0,2614.82,2540.96,377.0,290.0,45638.78,34420.56,42.99,42.99,44242.0,9821.44,UNDERPERFORMING,9e26a5fae94e
gid://shopify/ProductVariant/100033,SKU-ELE-100033,Wireless Mouse - Option 1,Apparel,365,1656,1656,95,0.0574,39622.5,39622.5,0.0,0.0,33588.77,12285.0,2094.11,1130.15,552.5,425.0,18720.26,14868.51,44.27,44.27,22590.0,7721.49,UNDERPERFORMING,9e26a5fae94e
gid://shopify/ProductVariant/100024,SKU-FOO-100024,Canvas Sneakers - Option 2,Apparel,365,1571,1571,70,0.0446,37688.75,37688.75,0.0,0.0,32512.5,15243.75,1849.62,1071.3,396.5,305.0,20990.17,11522.33,35.44,35.44,18050.0,6527.67,UNDERPERFORMING,9e26a5fae94e
gid://shopify/ProductVariant/100039,SKU-ELE-100039,Smart Speaker - Option 2,Apparel,365,1632,1632,64,0.0392,39077.5,39077.5,0.0,0.0,33480.84,22750.0,1995.63,1102.46,357.5,275.0,28663.09,4817.75,14.39,14.39,11172.5,6354.75,UNDERPERFORMING,9e26a5fae94e
gid://shopify/ProductVariant/100032,SKU-ELE-100032,Bluetooth Headphones - Option 4,Apparel,365,1585,1585,68,0.0429,382340.0,382340.0,0.0,0.0,325645.84,151987.5,3304.52,10016.51,390.0,300.0,168115.03,157530.81,48.37,48.37,181377.5,23846.69,UNDERPERFORMING,9e26a5fae94e
gid://shopify/ProductVariant/100012,SKU-APP-100012,Wool Sweater - Option 2,Apparel,365,1631,1631,81,0.0497,391745.0,391745.0,0.0,0.0,334293.34,156487.5,3431.21,10341.56,455.0,350.0,173256.77,161036.57,48.17,48.17,186767.5,25730.93,UNDERPERFORMING,9e26a5fae94e
gid://shopify/ProductVariant/100037,SKU-ELE-100037,USB-C Hub - Option 2,Apparel,365,1636,1636,73,0.0446,133389.0,133389.0,0.0,0.0,115028.51,54047.25,2618.69,3611.45,422.5,325.0,63241.89,51786.62,45.02,45.02,63793.5,12006.88,UNDERPERFORMING,9e26a5fae94e
gid://shopify/ProductVariant/100030,SKU-ELE-100030,Bluetooth Headphones - Option 2,Apparel,365,1743,1743,94,0.0539,142352.0,142352.0,0.0,0.0,120967.26,44000.25,2920.04,3837.39,526.5,405.0,54029.18,66938.08,55.34,55.34,81230.25,14292.17,HEALTHY,9e26a5fae94e
gid://shopify/ProductVariant/100041,SKU-HOM-100041,Ceramic Mug - Option 2,Apparel,365,1802,1802,72,0.04,147615.75,147615.75,0.0,0.0,128624.01,73444.25,2918.93,4010.16,396.5,305.0,83522.84,45101.17,35.06,35.06,57305.0,12203.83,UNDERPERFORMING,9e26a5fae94e
gid://shopify/ProductVariant/100036,SKU-ELE-100036,USB-C Hub - Option 1,Apparel,365,1825,1825,80,0.0438,79029.5,79029.5,0.0,0.0,67278.68,38461.5,2444.5,2155.17,468.0,360.0,46328.17,20950.51,31.14,31.14,30150.0,9199.49,UNDERPERFORMING,9e26a5fae94e
gid://shopify/ProductVariant/100004,SKU-APP-100004,Silk Dress - Option 4,Apparel,365,1713,1713,76,0.0444,24379.25,24379.25,0.0,0.0,20645.25,11979.0,1813.12,711.41,448.5,345.0,17578.53,3066.72,14.85,14.85,9072.5,6005.78,UNDERPERFORMING,9e26a5fae94e
gid://shopify/ProductVariant/100048,SKU-BEA-100048,Face Cleanser - Option 1,Apparel,365,1743,1743,76,0.0436,201371.0,201371.0,0.0,0.0,175447.5,63756.0,3103.66,5449.15,422.5,325.0,75430.81,100016.69,57.01,57.01,116454.0,16437.31,HEALTHY,9e26a5fae94e
gid://shopify/ProductVariant/100051,SKU-BEA-100051,Hydrating Serum - Option 1,Apparel,365,1716,1716,70,0.0408,197565.0,197565.0,0.0,0.0,171968.34,62664.0,3179.78,5345.99,409.5,315.0,74246.77,97721.57,56.83,56.83,113953.0,16231.43,HEALTHY,9e26a5fae94e
gid://shopify/ProductVariant/100034,SKU-ELE-100034,Wireless Mouse - Option 2,Apparel,365,1704,1704,92,0.054,139181.5,139181.5,0.0,0.0,115388.92,66104.5,2684.09,3652.43,500.5,385.0,75563.02,39825.9,34.51,34.51,51937.75,12111.85,UNDERPERFORMING,9e26a5fae94e
gid://shopify/ProductVariant/100044,SKU-HOM-100044,Scented Candle - Option 1,Apparel,365,1767,1767,77,0.0436,42095.0,42095.0,0.0,0.0,36692.5,21161.25,2218.72,1213.8,442.0,340.0,27786.27,8906.23,24.27,24.27,16206.25,7300.02,UNDERPERFORMING,9e26a5fae94e
gid://shopify/ProductVariant/100014,SKU-APP-100014,Wool Sweater - Option 4,Apparel,365,1737,1737,88,0.0507,416207.5,416207.5,0.0,0.0,359286.68,168750.0,3581.8,11169.09,546.0,420.0,186842.89,172443.79,48.0,48.0,201217.5,28773.71,UNDERPERFORMING,9e26a5fae94e
gid://shopify/ProductVariant/100054,SKU-BEA-100054,Lip Balm - Option 2,Apparel,365,1706,1706,71,0.0416,40705.0,40705.0,0.0,0.0,34720.84,20047.5,2079.7,1146.14,396.5,305.0,26253.34,8467.5,24.39,24.39,15303.75,6836.25,UNDERPERFORMING,9e26a5fae94e
gid://shopify/ProductVariant/100007,SKU-APP-100007,Cotton Tee - Option 3,Apparel,365,1820,1820,83,0.0456,209599.0,209599.0,0.0,0.0,180583.51,65646.0,3299.16,5664.53,533.0,410.0,78020.19,102563.32,56.8,56.8,120959.0,18395.68,HEALTHY,9e26a5fae94e
gid://shopify/ProductVariant/100011,SKU-APP-100011,Wool Sweater - Option 1,Apparel,365,1784,1784,92,0.0516,25368.0,25368.0,0.0,0.0,21864.76,8085.0,1920.5,757.96,533.0,410.0,14139.46,7725.3,35.33,35.33,14531.5,6806.2,UNDERPERFORMING,9e26a5fae94e
gid://shopify/ProductVariant/100027,SKU-FOO-100027,Sandals - Option 3,Apparel,365,1714,1714,71,0.0414,40896.25,40896.25,0.0,0.0,34985.43,12853.75,2136.17,1160.28,435.5,335.0,19224.7,15760.73,45.05,45.05,23146.25,7385.52,UNDERPERFORMING,9e26a5fae94e
gid://shopify/ProductVariant/100021,SKU-FOO-100021,Leather Boots - Option 1,Apparel,365,1821,1821,60,0.0329,438132.5,438132.5,0.0,0.0,386855.0,180900.0,3821.58,11763.44,344.5,265.0,199586.02,187268.98,48.41,48.41,212672.5,25403.52,UNDERPERFORMING,9e26a5fae94e
gid://shopify/ProductVariant/100053,SKU-BEA-100053,Lip Balm - Option 1,Apparel,365,1607,1607,70,0.0436,92867.0,92867.0,0.0,0.0,82417.84,38475.0,2517.59,2605.84,383.5,295.0,46502.93,35914.91,43.58,43.58,45771.0,9856.09,UNDERPERFORMING,9e26a5fae94e
gid://shopify/ProductVariant/100043,SKU-HOM-100043,Linen Pillow - Option 2,Apparel,365,1736,1736,86,0.0495,200613.0,200613.0,0.0,0.0,167731.17,78462.0,3050.66,5268.18,507.0,390.0,89974.34,77756.83,46.36,46.36,94104.0,16347.17,UNDERPERFORMING,9e26a5fae94e
gid://shopify/ProductVariant/100046,SKU-HOM-100046,Throw Blanket - Option 1,Apparel,365,1810,1810,75,0.0414,25762.0,25762.0,0.0,0.0,22326.84,15307.5,1996.12,769.18,455.0,350.0,21337.8,989.04,4.43,4.43,7329.0,6339.96,UNDERPERFORMING,9e26a5fae94e
gid://shopify/ProductVariant/100017,SKU-FOO-100017,Running Shoes - Option 1,Apparel,365,1804,1804,79,0.0438,77571.25,77571.25,0.0,0.0,65758.51,44664.75,2502.55,2111.68,461.5,355.0,52492.48,13266.03,20.17,20.17,22057.0,8790.97,UNDERPERFORMING,9e26a5fae94e
gid://shopify/ProductVariant/100049,SKU-BEA-100049,Face Cleanser - Option 2,Apparel,365,1780,1780,71,0.0399,204451.0,204451.0,0.0,0.0,179174.84,65478.0,3176.02,5552.88,409.5,315.0,77364.4,101810.44,56.82,56.82,118276.0,16465.56,HEALTHY,9e26a5fae94e
gid://shopify/ProductVariant/100060,SKU-DIG-100060,VIP Membership - Option 1,Apparel,365,1579,1579,54,0.0342,90619.0,90619.0,0.0,0.0,77177.67,52494.0,2456.66,2434.11,325.0,250.0,60053.77,17123.9,22.19,22.19,25568.0,8444.1,UNDERPERFORMING,9e26a5fae94e
gid://shopify/ProductVariant/100045,SKU-HOM-100045,Scented Candle - Option 2,Apparel,365,1615,1615,83,0.0514,22997.5,22997.5,0.0,0.0,19493.67,11302.5,1943.14,688.43,520.0,400.0,17029.07,2464.6,12.64,12.64,8658.75,6194.15,UNDERPERFORMING,9e26a5fae94e
gid://shopify/ProductVariant/100018,SKU-FOO-100018,Running Shoes - Option 2,Apparel,365,1743,1743,79,0.0453,142028.5,142028.5,0.0,0.0,122777.5,70545.75,2947.27,3863.36,455.0,350.0,80529.88,42247.62,34.41,34.41,54676.5,12428.88,UNDERPERFORMING,9e26a5fae94e
gid://shopify/ProductVariant/100042,SKU-HOM-100042,Linen Pillow - Option 1,Apparel,365,1537,1537,75,0.0488,125166.75,125166.75,0.0,0.0,107239.34,61569.75,2520.83,3386.76,442.0,340.0,70336.84,36902.5,34.41,34.41,47994.75,11092.25,UNDERPERFORMING,9e26a5fae94e
gid://shopify/ProductVariant/100010,SKU-APP-100010,Denim Jeans - Option 2,Apparel,365,1743,1743,84,0.0482,142262.0,142262.0,0.0,0.0,122987.34,57566.25,2960.53,3878.07,481.0,370.0,67624.35,55362.99,45.02,45.02,68580.0,13217.01,UNDERPERFORMING,9e26a5fae94e
gid://shopify/ProductVariant/100031,SKU-ELE-100031,Bluetooth Headphones - Option 3,Apparel,365,1599,1599,62,0.0388,130683.0,130683.0,0.0,0.0,111371.5,75195.25,2693.55,3488.49,377.0,290.0,84172.79,27198.71,24.42,24.42,37571.25,10372.54,UNDERPERFORMING,9e26a5fae94e
gid://shopify/ProductVariant/100006,SKU-APP-100006,Cotton Tee - Option 2,Apparel,365,1625,1625,72,0.0443,132580.0,132580.0,0.0,0.0,113429.67,53167.5,2666.4,3570.45,422.5,325.0,62334.35,51095.32,45.05,45.05,63185.5,12090.18,UNDERPERFORMING,9e26a5fae94e
gid://shopify/ProductVariant/100008,SKU-APP-100008,Cotton Tee - Option 4,Apparel,365,1774,1774,88,0.0496,42506.25,42506.25,0.0,0.0,35726.26,20528.75,2175.19,1194.12,533.0,410.0,27203.56,8522.7,23.86,23.86,16033.75,7511.05,UNDERPERFORMING,9e26a5fae94e
gid://shopify/ProductVariant/100015,SKU-APP-100015,Linen Shirt - Option 1,Apparel,365,1746,1746,64,0.0367,100535.0,100535.0,0.0,0.0,86551.5,40608.0,2552.29,2724.38,370.5,285.0,48881.67,37669.83,43.52,43.52,47717.0,10047.17,UNDERPERFORMING,9e26a5fae94e
gid://shopify/ProductVariant/100005,SKU-APP-100005,Cotton Tee - Option 1,Apparel,365,1598,1598,66,0.0413,37970.0,37970.0,0.0,0.0,32146.25,11838.75,1855.69,1059.96,396.5,305.0,17576.9,14569.35,45.32,45.32,21205.0,6635.65,UNDERPERFORMING,9e26a5fae94e
gid://shopify/ProductVariant/100057,SKU-DIG-100057,$25 Gift Card - Option 1,Apparel,365,1677,1677,78,0.0465,23891.75,23891.75,0.0,0.0,21056.67,14400.75,1775.84,722.78,468.0,360.0,20050.87,1005.8,4.78,4.78,6967.0,5961.2,UNDERPERFORMING,9e26a5fae94e
gid://shopify/ProductVariant/100047,SKU-HOM-100047,Throw Blanket - Option 2,Apparel,365,1875,1875,69,0.0368,26663.5,26663.5,0.0,0.0,23574.76,11178.0,2034.22,803.98,403.0,310.0,17306.2,6268.56,26.59,26.59,12860.25,6591.69,UNDERPERFORMING,9e26a5fae94e
gid://shopify/ProductVariant/100028,SKU-FOO-100028,Sandals - Option 4,Apparel,365,1700,1700,75,0.0441,408292.5,408292.5,0.0,0.0,351161.67,237737.5,3548.67,10834.8,455.0,350.0,255225.47,95936.2,27.32,27.32,118827.5,22891.3,UNDERPERFORMING,9e26a5fae94e
gid://shopify/ProductVariant/100058,SKU-DIG-100058,$50 Gift Card - Option 1,Apparel,365,1733,1733,65,0.0375,41275.0,41275.0,0.0,0.0,35679.17,13090.0,2217.89,1179.56,390.0,300.0,19511.45,16167.72,45.31,45.31,23506.25,7338.53,UNDERPERFORMING,9e26a5fae94e
gid://shopify/ProductVariant/100022,SKU-FOO-100022,Leather Boots - Option 2,Apparel,365,1744,1744,79,0.0453,24889.75,24889.75,0.0,0.0,20994.35,12135.75,1907.15,727.32,474.5,365.0,17925.72,3068.63,14.62,14.62,9277.75,6209.12,UNDERPERFORMING,9e26a5fae94e
gid://shopify/ProductVariant/100026,SKU-FOO-100026,Sandals - Option 2,Apparel,365,1736,1736,67,0.0386,141425.75,141425.75,0.0,0.0,119723.42,43643.25,2824.99,3743.35,390.0,300.0,53192.09,66531.33,55.57,55.57,79118.25,12586.92,HEALTHY,9e26a5fae94e
gid://shopify/ProductVariant/100023,SKU-FOO-100023,Canvas Sneakers - Option 1,Apparel,365,1718,1718,82,0.0477,198210.0,198210.0,0.0,0.0,170967.01,62160.0,3079.7,5351.08,481.0,370.0,73772.78,97194.23,56.85,56.85,114325.0,17130.77,HEALTHY,9e26a5fae94e
gid://shopify/ProductVariant/100038,SKU-ELE-100038,Smart Speaker - Option 1,Apparel,365,1665,1665,81,0.0486,72039.0,72039.0,0.0,0.0,61568.01,28856.25,2402.34,1988.36,468.0,360.0,36320.45,25247.56,41.01,41.01,34392.75,9145.19,UNDERPERFORMING,9e26a5fae94e
gid://shopify/ProductVariant/100035,SKU-ELE-100035,Wireless Mouse - Option 3,Apparel,365,1778,1778,64,0.036,430200.0,430200.0,0.0,0.0,377270.0,175387.5,3874.71,11532.56,383.5,295.0,193900.27,183369.73,48.6,48.6,209450.0,26080.27,UNDERPERFORMING,9e26a5fae94e
gid://shopify/ProductVariant/100009,SKU-APP-100009,Denim Jeans - Option 1,Apparel,365,1737,1737,78,0.0449,100285.0,100285.0,0.0,0.0,86650.84,58578.0,2680.26,2752.7,455.0,350.0,67173.96,19476.88,22.48,22.48,29332.0,9855.12,UNDERPERFORMING,9e26a5fae94e
gid://shopify/ProductVariant/100013,SKU-APP-100013,Wool Sweater - Option 3,Apparel,365,1803,1803,78,0.0433,207956.0,207956.0,0.0,0.0,177975.01,120354.0,3191.61,5557.71,481.0,370.0,132379.82,45595.19,25.62,25.62,60414.0,14818.81,UNDERPERFORMING,9e26a5fae94e
gid://shopify/ProductVariant/100059,SKU-DIG-100059,$100 Gift Card - Option 1,Apparel,365,1739,1739,78,0.0449,41486.25,41486.25,0.0,0.0,35636.67,13081.25,2013.12,1176.83,461.5,355.0,19436.7,16199.97,45.46,45.46,23651.25,7451.28,UNDERPERFORMING,9e26a5fae94e
gid://shopify/ProductVariant/100050,SKU-BEA-100050,Face Cleanser - Option 3,Apparel,365,1690,1690,96,0.0568,405495.0,405495.0,0.0,0.0,340536.68,124337.5,3606.97,10638.89,546.0,420.0,141806.86,198729.82,58.36,58.36,229405.0,30675.18,HEALTHY,9e26a5fae94e
gid://shopify/ProductVariant/100029,SKU-ELE-100029,Bluetooth Headphones - Option 1,Apparel,365,1716,1716,71,0.0414,98600.0,98600.0,0.0,0.0,84920.5,57681.0,2549.44,2684.31,409.5,315.0,65952.25,18968.25,22.34,22.34,28355.0,9386.75,UNDERPERFORMING,9e26a5fae94e
gid://shopify/ProductVariant/100025,SKU-FOO-100025,Sandals - Option 1,Apparel,365,1787,1787,79,0.0442,146207.0,146207.0,0.0,0.0,125010.43,58446.0,2954.76,3927.1,448.5,345.0,68516.86,56493.57,45.19,45.19,69594.0,13100.43,UNDERPERFORMING,9e26a5fae94e
gid://shopify/ProductVariant/100016,SKU-APP-100016,Linen Shirt - Option 2,Apparel,365,1766,1766,82,0.0464,42273.75,42273.75,0.0,0.0,35642.09,16762.5,2097.45,1181.06,468.0,360.0,23212.01,12430.08,34.87,34.87,19792.5,7362.42,UNDERPERFORMING,9e26a5fae94e
gid://shopify/ProductVariant/100052,SKU-BEA-100052,Hydrating Serum - Option 2,Apparel,365,1617,1617,80,0.0495,93264.0,93264.0,0.0,0.0,78723.17,28665.0,2423.36,2520.01,481.0,370.0,36617.87,42105.3,53.49,53.49,52799.0,10693.7,HEALTHY,9e26a5fae94e
gid://shopify/ProductVariant/100020,SKU-FOO-100020,Running Shoes - Option 4,Apparel,365,1683,1683,72,0.0428,193325.0,193325.0,0.0,0.0,164892.02,77544.0,2950.78,5130.93,409.5,315.0,88598.71,76293.31,46.27,46.27,91269.0,14975.69,UNDERPERFORMING,9e26a5fae94e
gid://shopify/ProductVariant/100055,SKU-BEA-100055,Sunscreen SPF 50 - Option 1,Apparel,365,1760,1760,80,0.0455,100846.0,100846.0,0.0,0.0,84788.84,48807.0,2608.61,2699.69,468.0,360.0,57269.8,27519.04,32.46,32.46,37744.0,10224.96,UNDERPERFORMING,9e26a5fae94e
gid://shopify/ProductVariant/100040,SKU-HOM-100040,Ceramic Mug - Option 1,Apparel,365,1679,1679,65,0.0387,404790.0,404790.0,0.0,0.0,352790.84,200887.5,3515.3,10800.8,383.5,295.0,218162.1,134628.74,38.16,38.16,157820.0,23191.26,UNDERPERFORMING,9e26a5fae94e
gid://shopify/ProductVariant/100056,SKU-BEA-100056,Sunscreen SPF 50 - Option 2,Apparel,365,1818,1818,78,0.0429,43461.25,43461.25,0.0,0.0,36692.92,24976.25,2224.99,1216.54,461.5,355.0,31646.28,5046.64,13.75,13.75,12253.75,7207.11,UNDERPERFORMING,9e26a5fae94e
