sku,title,variant_id,category,ordered_units,sold_units,refunded_units,gross_sales,discount_alloc,net_sales,shipping_collected,supplier_unit_cost,unit_cost_samples,cogs_incurred,outbound_freight,gateway_fees,refund_deductions,operating_drag,net_profit,order_count,cogs_observed_count,cogs_missing_count,loss_orders_count,margin_pct,status,top_loss_driver
SKU-Dig-0,Digital Item,gid://shopify/ProductVariant/1764,Digital Goods & Software,8814,8014,800,935600.0,24613.5,828241.5,3883.27,50.92,8218,409463.15,22325.82,24222.19,24019.92,0.0,352093.68,8218,7855,363,674,42.31,HEALTHY,None (Healthy Contribution)
SKU-Foo-0,Footwear Item,gid://shopify/ProductVariant/1252,Footwear & Shoes,8790,8005,785,876005.0,21605.0,775510.0,14002.72,48.25,8269,387012.45,30425.75,22987.41,22555.97,6003.75,320527.39,8269,7887,382,665,40.6,HEALTHY,None (Healthy Contribution)
SKU-Ele-0,Electronics Item,gid://shopify/ProductVariant/1355,Electronics,8647,7900,747,823680.0,21683.5,728666.5,13616.4,45.08,8122,353183.57,29549.08,21666.67,21732.69,5925.0,310225.89,8122,7761,361,649,41.79,HEALTHY,None (Healthy Contribution)
SKU-App-0,Apparel Item,gid://shopify/ProductVariant/1082,Apparel & Accessories,8869,8076,793,854895.0,22603.0,758607.0,13800.82,47.61,8332,385116.59,30213.1,22472.15,23855.1,6057.0,304693.88,8332,7963,369,688,39.45,HEALTHY,None (Healthy Contribution)
SKU-Bea-0,Beauty Item,gid://shopify/ProductVariant/1735,Health & Beauty,8707,7900,807,793355.0,19984.5,699735.5,14373.36,43.06,8173,340704.26,29043.65,20920.06,23973.5,5925.0,293542.39,8173,7771,402,669,41.11,HEALTHY,None (Healthy Contribution)
SKU-Hom-0,Home Goods Item,gid://shopify/ProductVariant/1538,General Merchandise,8769,7979,790,736995.0,18662.0,650833.0,15485.42,39.37,8232,312315.65,29248.24,19597.4,18834.51,5984.25,280338.37,8232,7849,383,670,42.07,HEALTHY,None (Healthy Contribution)
SKU-Dig-1,Digital Item,gid://shopify/ProductVariant/1808,Digital Goods & Software,7524,6723,801,793090.0,24173.0,686567.0,3773.42,51.56,6938,348621.32,22100.33,20343.78,24039.76,0.0,275235.24,6938,6788,150,657,39.87,HEALTHY,None (Healthy Contribution)
SKU-Foo-1,Footwear Item,gid://shopify/ProductVariant/1213,Footwear & Shoes,7432,6644,788,739940.0,22063.0,642467.0,4739.09,49.56,6906,332076.37,21631.84,19038.6,20629.59,4983.0,248846.69,6906,6756,150,649,38.45,HEALTHY,None (Healthy Contribution)
SKU-Ele-1,Electronics Item,gid://shopify/ProductVariant/1301,Electronics,7370,6623,747,691860.0,20575.5,603144.5,4804.64,45.64,6862,301093.69,21068.11,17848.3,22764.1,4967.25,240207.68,6862,6704,158,641,39.51,HEALTHY,None (Healthy Contribution)
SKU-App-1,Apparel Item,gid://shopify/ProductVariant/1150,Apparel & Accessories,7546,6737,809,734750.0,22445.5,630254.5,5164.73,49.68,6971,332947.63,21453.78,18928.74,25292.58,5052.75,231743.75,6971,6849,122,686,36.47,HEALTHY,None (Healthy Contribution)
SKU-Bea-1,Beauty Item,gid://shopify/ProductVariant/1731,Health & Beauty,7372,6550,822,677445.0,20079.5,580025.5,5201.73,44.42,6852,291567.57,20578.94,17501.96,23719.93,4912.5,226946.33,6852,6672,180,693,38.78,HEALTHY,None (Healthy Contribution)
SKU-Hom-1,Home Goods Item,gid://shopify/ProductVariant/1474,General Merchandise,7428,6673,755,618645.0,19788.5,534386.5,5313.19,40.38,6881,268106.31,20449.86,16044.58,19857.36,5004.75,210236.83,6881,6739,142,638,38.95,HEALTHY,None (Healthy Contribution)
SKU-Dig-2,Digital Item,gid://shopify/ProductVariant/1782,Digital Goods & Software,806,806,0,84460.0,0.0,84460.0,23.33,53.14,806,42832.5,1447.97,2094.43,0.0,0.0,38108.43,806,806,0,0,45.11,HEALTHY,None (Healthy Contribution)
SKU-Bea-2,Beauty Item,gid://shopify/ProductVariant/1710,Health & Beauty,751,751,0,70205.0,0.0,70205.0,5.26,47.16,751,35420.25,1240.99,1742.32,0.0,563.25,31243.45,751,751,0,0,44.5,HEALTHY,None (Healthy Contribution)
SKU-Hom-2,Home Goods Item,gid://shopify/ProductVariant/1597,General Merchandise,781,781,0,67565.0,0.0,67565.0,40.0,42.39,781,33105.75,1281.92,1681.69,0.0,585.75,30949.89,781,781,0,0,45.78,HEALTHY,None (Healthy Contribution)
SKU-Foo-2,Footwear Item,gid://shopify/ProductVariant/1167,Footwear & Shoes,735,735,0,66535.0,0.0,66535.0,24.56,46.41,735,34110.25,1183.57,1652.06,0.0,551.25,29062.44,735,735,0,0,43.66,HEALTHY,None (Healthy Contribution)
SKU-Ele-2,Electronics Item,gid://shopify/ProductVariant/1324,Electronics,705,705,0,64665.0,0.0,64665.0,10.7,45.88,705,32342.25,1174.26,1606.41,0.0,528.75,29024.03,705,705,0,0,44.88,HEALTHY,None (Healthy Contribution)
SKU-App-2,Apparel Item,gid://shopify/ProductVariant/1144,Apparel & Accessories,704,704,0,66170.0,0.0,66170.0,7.37,49.06,704,34535.5,1184.67,1642.93,0.0,528.0,28286.26,704,704,0,0,42.74,HEALTHY,None (Healthy Contribution)
SKU-Foo-3,Footwear Item,gid://shopify/ProductVariant/1153,Footwear & Shoes,513,513,0,52570.0,0.0,52570.0,0.0,51.86,513,26605.0,808.16,1298.98,0.0,384.75,23473.11,513,513,0,0,44.65,HEALTHY,None (Healthy Contribution)
SKU-Dig-3,Digital Item,gid://shopify/ProductVariant/1769,Digital Goods & Software,469,469,0,49940.0,0.0,49940.0,0.0,53.38,469,25035.5,740.19,1232.72,0.0,0.0,22931.59,469,469,0,0,45.92,HEALTHY,None (Healthy Contribution)
SKU-Ele-3,Electronics Item,gid://shopify/ProductVariant/1370,Electronics,536,536,0,49775.0,0.0,49775.0,0.0,46.91,536,25141.25,760.91,1229.72,0.0,402.0,22241.12,536,536,0,0,44.68,HEALTHY,None (Healthy Contribution)
SKU-Hom-3,Home Goods Item,gid://shopify/ProductVariant/1585,General Merchandise,530,530,0,45065.0,0.0,45065.0,0.0,42.09,530,22310.25,721.05,1114.84,0.0,397.5,20521.36,530,530,0,0,45.54,HEALTHY,None (Healthy Contribution)
SKU-App-3,Apparel Item,gid://shopify/ProductVariant/1147,Apparel & Accessories,469,469,0,47145.0,0.0,47145.0,0.0,52.78,469,24754.25,708.36,1164.17,0.0,351.75,20166.46,469,469,0,0,42.78,HEALTHY,None (Healthy Contribution)
SKU-Bea-3,Beauty Item,gid://shopify/ProductVariant/1711,Health & Beauty,487,487,0,45230.0,0.0,45230.0,0.0,47.31,487,23039.0,697.43,1117.71,0.0,365.25,20010.62,487,487,0,0,44.24,HEALTHY,None (Healthy Contribution)
SKU-Dig-4,Digital Item,gid://shopify/ProductVariant/1760,Digital Goods & Software,264,264,0,25900.0,0.0,25900.0,0.0,49.27,264,13007.0,356.66,638.06,0.0,0.0,11898.27,264,264,0,0,45.94,HEALTHY,None (Healthy Contribution)
SKU-Foo-4,Footwear Item,gid://shopify/ProductVariant/1220,Footwear & Shoes,263,263,0,26715.0,0.0,26715.0,0.0,51.86,263,13639.75,352.3,657.42,0.0,197.25,11868.28,263,263,0,0,44.43,HEALTHY,None (Healthy Contribution)
SKU-Ele-4,Electronics Item,gid://shopify/ProductVariant/1409,Electronics,254,254,0,25000.0,0.0,25000.0,0.0,47.96,254,12181.0,337.22,615.56,0.0,190.5,11675.71,254,254,0,0,46.7,HEALTHY,None (Healthy Contribution)
SKU-App-4,Apparel Item,gid://shopify/ProductVariant/1043,Apparel & Accessories,253,253,0,24150.0,0.0,24150.0,0.0,49.32,253,12477.5,340.54,595.32,0.0,189.75,10546.89,253,253,0,0,43.67,HEALTHY,None (Healthy Contribution)
SKU-Hom-4,Home Goods Item,gid://shopify/ProductVariant/1568,General Merchandise,255,255,0,20295.0,0.0,20295.0,0.0,39.37,255,10039.75,297.39,500.81,0.0,191.25,9265.8,255,255,0,0,45.66,HEALTHY,None (Healthy Contribution)
SKU-Bea-4,Beauty Item,gid://shopify/ProductVariant/1711,Health & Beauty,238,238,0,20160.0,0.0,20160.0,0.0,42.2,238,10043.5,277.89,496.67,0.0,178.5,9163.44,238,238,0,0,45.45,HEALTHY,None (Healthy Contribution)
